target,horizon,model_family,role,model,model_label,representation,lookback,seed,summary_type,expected_n,successful_n,failed_n,completeness_percent,ranking_eligible,rmse,mae,mase,rmsse,smape_percent,directional_accuracy_percent,mean_error,median_error,r_squared,undefined_reason
ASPH,1,classical_ml,primary,RandomForest,RandomForest [first_difference_direct],first_difference_direct,3.0,20260810,individual_seed_or_deterministic_fit,9,9,0,100.0,True,0.0011001655397593825,0.0007531627448691588,0.1442725377458548,0.1808721701111547,0.2405615867997086,77.77777777777779,-0.0006821346856156022,-3.9361874299148614e-05,0.9265671749839817,
ASPH,1,classical_ml,primary,RandomForest,RandomForest [linear_detrend_direct],linear_detrend_direct,3.0,20260810,individual_seed_or_deterministic_fit,9,9,0,100.0,True,0.013636919181764023,0.013285891861626715,2.7235525995629284,2.3587968314737426,4.209085853407858,0.0,-0.013285891861626715,-0.01326614006163368,-10.282535131938568,
ASPH,1,classical_ml,primary,SVR,SVR [first_difference_direct],first_difference_direct,3.0,20260810,individual_seed_or_deterministic_fit,9,9,0,100.0,True,0.00037179830635138486,0.00024216196895136358,0.04769698649660876,0.06199731397912887,0.07780826456063691,100.0,-0.00016868976339316313,-8.195711176772758e-06,0.991613341187432,
ASPH,1,classical_ml,primary,SVR,SVR [linear_detrend_direct],linear_detrend_direct,3.0,20260810,individual_seed_or_deterministic_fit,9,9,0,100.0,True,0.00976086809464923,0.008517306470130917,1.6960064876142917,1.6512221579058477,2.6967317937829907,0.0,-0.008517306470130917,-0.010028470484936158,-4.780308915340075,
ASPH,1,classical_ml,primary,XGBoost,XGBoost [first_difference_direct],first_difference_direct,3.0,20260810,individual_seed_or_deterministic_fit,9,9,0,100.0,True,0.0022995212906077546,0.0019198674583446656,0.37877433515707654,0.3858370439076333,0.6150485145529854,33.33333333333333,-0.0019198674583446656,-0.002313036804838575,0.6791891625106851,
ASPH,1,classical_ml,primary,XGBoost,XGBoost [linear_detrend_direct],linear_detrend_direct,3.0,20260810,individual_seed_or_deterministic_fit,9,9,0,100.0,True,0.019363552690300396,0.01868270473653309,3.850811032870501,3.3727060229069346,5.86774363485015,0.0,-0.01868270473653309,-0.019050558033884335,-21.74805367788141,
ASPH,1,neural_ablation,ablation,CNN_BiLSTM_Attention_Original23K,CNN_BiLSTM_Attention_Original23K,first_difference_direct,3.0,ensemble_mean,neural_ensemble_mean,9,9,0,100.0,True,0.00021682691819882187,0.00015974061118718808,0.031996933164148096,0.03590351141331238,0.05157379697844309,100.0,-5.633370515968474e-06,8.817357279322646e-05,0.9971476648398518,
ASPH,1,neural_ablation,ablation,CNN_BiLSTM_Compact_NoAttention,CNN_BiLSTM_Compact_NoAttention,first_difference_direct,3.0,ensemble_mean,neural_ensemble_mean,9,9,0,100.0,True,0.0022074522738132767,0.0020376273093744134,0.4076036626758829,0.37322086168698154,0.6548296326158718,22.22222222222222,-0.0020376273093744134,-0.002125828655303308,0.7043643478904641,
ASPH,1,primary_neural,primary,BiLSTM,BiLSTM,first_difference_direct,3.0,ensemble_mean,neural_ensemble_mean,9,9,0,100.0,True,0.00023731921049119738,0.00021270135900509758,0.043948105629203295,0.041170884177252585,0.06905238570708533,100.0,0.00010377110076397066,0.00021935074847906355,0.9965830395592474,
ASPH,1,primary_neural,primary,CNN_BiLSTM_Attention_Compact,CNN_BiLSTM_Attention_Compact,first_difference_direct,3.0,ensemble_mean,neural_ensemble_mean,9,9,0,100.0,True,0.0041753371862701715,0.004126410475788501,0.841634205549583,0.7188004088442735,1.3267100023939875,0.0,-0.004126410475788501,-0.004351909425058642,-0.05768724708958284,
ASPH,1,primary_neural,primary,CNN_GRU,CNN_GRU,first_difference_direct,3.0,ensemble_mean,neural_ensemble_mean,9,9,0,100.0,True,0.0012979143101895909,0.0010956447400682296,0.215033691677386,0.21512447478738622,0.35145825652684115,66.66666666666666,-0.001061912892666439,-0.000917017066429604,0.8977963978524276,
ASPH,1,primary_neural,primary,CNN_LSTM,CNN_LSTM,first_difference_direct,3.0,ensemble_mean,neural_ensemble_mean,9,9,0,100.0,True,0.00038516013862910386,0.0003203350931846933,0.06356085428045859,0.0637636871462877,0.10318522340607979,88.88888888888889,-8.852347339228917e-05,0.00013924587598584948,0.9909997032299425,
ASPH,1,primary_neural,primary,CausalCNN,CausalCNN,first_difference_direct,3.0,ensemble_mean,neural_ensemble_mean,9,9,0,100.0,True,0.0005531805349477706,0.0003681095758723675,0.07063513838106657,0.08971610389246311,0.1178570247297272,88.88888888888889,-0.000158982063107882,2.0761053118267814e-05,0.9814344448092037,
ASPH,1,primary_neural,primary,GRU,GRU,first_difference_direct,3.0,ensemble_mean,neural_ensemble_mean,9,9,0,100.0,True,0.0007337688444108068,0.0005548118603657732,0.10804712768953792,0.12038573353270626,0.17795912561667485,88.88888888888889,-0.00036506671825493734,-9.935164507185457e-05,0.9673342452781222,
ASPH,1,primary_neural,primary,LSTM,LSTM,first_difference_direct,3.0,ensemble_mean,neural_ensemble_mean,9,9,0,100.0,True,0.0019773019232513073,0.0018460699127164143,0.3702800633442268,0.335086730538072,0.5938183475353411,22.22222222222222,-0.0018048089822121545,-0.001906042989703871,0.7627970211508255,
ASPH,1,statistical,primary,ARIMA,ARIMA,statistical_native,,20260810,individual_seed_or_deterministic_fit,9,9,0,100.0,True,0.0001782845438564352,0.0001551515453084419,0.03129600495464118,0.03029379910282761,0.05014429680616967,100.0,7.663566140590926e-05,0.00015140620216197442,0.9980715803437429,
ASPH,1,statistical,primary,Drift,Drift,statistical_native,,20260810,individual_seed_or_deterministic_fit,9,9,0,100.0,True,0.005934875253466879,0.005906732299025762,1.2076439543130046,1.0241475675326948,1.8946533579235147,0.0,-0.005906732299025762,-0.006033154770603677,-1.1369647128417681,
ASPH,1,statistical,primary,ETS,ETS,statistical_native,,20260810,individual_seed_or_deterministic_fit,9,9,0,100.0,True,0.0005516037513329697,0.00034480529255685884,0.06525562720692242,0.0892612091950869,0.11009642159951856,88.88888888888889,-0.00033848055606880114,-9.978039556118867e-05,0.9815401323391352,
ASPH,1,statistical,primary,LinearTrend,LinearTrend,statistical_native,,20260810,individual_seed_or_deterministic_fit,9,9,0,100.0,True,0.02948998887404637,0.02917346566807278,6.068029109589117,5.202589671012421,9.038236546627468,0.0,-0.02917346566807278,-0.030512198523931167,-51.76225864468848,
ASPH,1,statistical,primary,Naive,Naive,statistical_native,,20260810,individual_seed_or_deterministic_fit,9,9,0,100.0,True,0.0014757589149466401,0.0014483221623219971,0.30000904923299565,0.25835026181223303,0.468936629555839,0.0,-0.0014483221623219971,-0.0015017837723790284,0.8678689178051227,
ASPH,1,statistical,primary,Theta,Theta,statistical_native,,20260810,individual_seed_or_deterministic_fit,9,9,0,100.0,True,0.0036768166121013894,0.0036613840951146342,0.7504334699500803,0.6364913608759527,1.1791931272849956,0.0,-0.0036613840951146342,-0.0036836545014158895,0.1798031453368225,
ASPH,2,classical_ml,primary,RandomForest,RandomForest [first_difference_direct],first_difference_direct,3.0,20260810,individual_seed_or_deterministic_fit,8,8,0,100.0,True,0.0039652335768762545,0.0033063717674938764,0.6475178733328768,0.6546278270055034,1.0601698342713062,75.0,-0.0033063717674938764,-0.0024582111104669846,-0.19868209785643054,
ASPH,2,classical_ml,primary,RandomForest,RandomForest [linear_detrend_direct],linear_detrend_direct,3.0,20260810,individual_seed_or_deterministic_fit,8,8,0,100.0,True,0.028573683489130957,0.02854710069329651,5.801777236000472,4.934379959955067,8.868707771238576,0.0,-0.02854710069329651,-0.028733759514627477,-61.2442056087848,
ASPH,2,classical_ml,primary,SVR,SVR [first_difference_direct],first_difference_direct,3.0,20260810,individual_seed_or_deterministic_fit,8,8,0,100.0,True,0.005334838337236915,0.0036275339196958495,0.6869654393311376,0.8698389960487132,1.1509886405439458,62.5,-0.0035318042907950264,-0.0017738764523143324,-1.1697464977574281,
ASPH,2,classical_ml,primary,SVR,SVR [linear_detrend_direct],linear_detrend_direct,3.0,20260810,individual_seed_or_deterministic_fit,8,8,0,100.0,True,0.028562032243961023,0.028354683264425112,5.722634972831382,4.889182480272427,8.797286079179083,0.0,-0.028354683264425112,-0.029521596625541713,-61.193454389302666,
ASPH,2,classical_ml,primary,XGBoost,XGBoost [first_difference_direct],first_difference_direct,3.0,20260810,individual_seed_or_deterministic_fit,8,8,0,100.0,True,0.003509180168391522,0.0027076140075329783,0.5194501641400769,0.5740884133841803,0.865462137568545,62.5,-0.0027076140075329783,-0.0019779224554578867,0.061189794901331584,
ASPH,2,classical_ml,primary,XGBoost,XGBoost [linear_detrend_direct],linear_detrend_direct,3.0,20260810,individual_seed_or_deterministic_fit,8,8,0,100.0,True,0.032302154644415285,0.03220657324691939,6.558869538179703,5.592515495341382,9.95003566143434,0.0,-0.03220657324691939,-0.032853267152937266,-78.54803443645645,
ASPH,2,neural_ablation,ablation,CNN_BiLSTM_Attention_Original23K,CNN_BiLSTM_Attention_Original23K,linear_detrend_direct,3.0,ensemble_mean,neural_ensemble_mean,8,8,0,100.0,True,0.013145062195494184,0.013130682627246579,2.660994407401399,2.2620530335008864,4.177738452991512,0.0,-0.013130682627246579,-0.0131171701400839,-12.17321438584864,
ASPH,2,neural_ablation,ablation,CNN_BiLSTM_Compact_NoAttention,CNN_BiLSTM_Compact_NoAttention,first_difference_direct,3.0,ensemble_mean,neural_ensemble_mean,8,8,0,100.0,True,0.00484844039001986,0.004391435883203149,0.8639976108239764,0.8040375693976353,1.4078487390152816,37.5,-0.004391435883203149,-0.003945483452323317,-0.7921344573836888,
ASPH,2,primary_neural,primary,BiLSTM,BiLSTM,linear_detrend_direct,3.0,ensemble_mean,neural_ensemble_mean,8,8,0,100.0,True,0.026936808560276266,0.02664285793445976,5.45304494036982,4.689633142153417,8.303956782100379,0.0,-0.02664285793445976,-0.028764226111381686,-54.3170165128033,
ASPH,2,primary_neural,primary,CNN_BiLSTM_Attention_Compact,CNN_BiLSTM_Attention_Compact,first_difference_direct,3.0,ensemble_mean,neural_ensemble_mean,8,8,0,100.0,True,0.007125313035254584,0.0069998724848736454,1.402745350416676,1.2077296760360547,2.2440639778131413,0.0,-0.0069998724848736454,-0.006796252622962712,-2.8705650159976823,
ASPH,2,primary_neural,primary,CNN_GRU,CNN_GRU,first_difference_direct,3.0,ensemble_mean,neural_ensemble_mean,8,8,0,100.0,True,0.0030339934965590586,0.0021295961869593205,0.4041790122040695,0.4925176764191525,0.679830659489444,75.0,-0.002060539275342499,-0.0014061633077777358,0.29822844613794064,
ASPH,2,primary_neural,primary,CNN_LSTM,CNN_LSTM,first_difference_direct,3.0,ensemble_mean,neural_ensemble_mean,8,8,0,100.0,True,0.0036935281384279013,0.0029554353589569607,0.5712846696199784,0.6032094825978005,0.9458736475130801,62.5,-0.0029554353589569607,-0.00226812113389932,-0.0400382050149517,
ASPH,2,primary_neural,primary,CausalCNN,CausalCNN,first_difference_direct,3.0,ensemble_mean,neural_ensemble_mean,8,8,0,100.0,True,0.002359524561528679,0.001828932306146891,0.3592109593956797,0.387300314881856,0.5900804722951797,87.5,0.0001588066610879596,0.0009972968868445509,0.5755608128319598,
ASPH,2,primary_neural,primary,GRU,GRU,linear_detrend_direct,3.0,ensemble_mean,neural_ensemble_mean,8,8,0,100.0,True,0.02620178220921859,0.02582442493041369,5.295080790694707,4.571327059987641,8.059408221173635,0.0,-0.02582442493041369,-0.028335579771314623,-51.33932700282601,
ASPH,2,primary_neural,primary,LSTM,LSTM,linear_detrend_direct,3.0,ensemble_mean,neural_ensemble_mean,8,8,0,100.0,True,0.03116267245447505,0.030937382787576108,6.323272732051719,5.418315933885471,9.578249156594545,0.0,-0.030937382787576108,-0.03291628108702563,-73.03479172587383,
ASPH,2,statistical,primary,ARIMA,ARIMA,statistical_native,,20260810,individual_seed_or_deterministic_fit,8,8,0,100.0,True,0.0005776641230506727,0.0005124091306923997,0.10107646846225746,0.0967237557918359,0.16582837451998256,100.0,0.000305445302418432,0.0004021864131258379,0.9745599910062026,
ASPH,2,statistical,primary,Drift,Drift,statistical_native,,20260810,individual_seed_or_deterministic_fit,8,8,0,100.0,True,0.012193018017142114,0.012142767290056151,2.450163375000771,2.0859989854088465,3.866234367120512,0.0,-0.012142767290056151,-0.012363173990739135,-10.334148546173857,
ASPH,2,statistical,primary,ETS,ETS,statistical_native,,20260810,individual_seed_or_deterministic_fit,8,8,0,100.0,True,0.0014049960515222332,0.0009214313004960867,0.1739641472091395,0.22723899970854855,0.2949253443497451,87.5,-0.0009214313004960867,-0.0003167079427513486,0.8495068693895166,
ASPH,2,statistical,primary,LinearTrend,LinearTrend,statistical_native,,20260810,individual_seed_or_deterministic_fit,8,8,0,100.0,True,0.034862227215415965,0.034671564197023164,7.085353925214383,6.063348410119323,10.67348550483933,0.0,-0.034671564197023164,-0.03582629620386063,-91.65667839445811,
ASPH,2,statistical,primary,Naive,Naive,statistical_native,,20260810,individual_seed_or_deterministic_fit,8,8,0,100.0,True,0.003023432516188355,0.002996622356305746,0.6103326817392563,0.5229760016775509,0.969772366193882,0.0,-0.002996622356305746,-0.0030537131791694982,0.30310551427147037,
ASPH,2,statistical,primary,Theta,Theta,statistical_native,,20260810,individual_seed_or_deterministic_fit,8,8,0,100.0,True,0.007570551412300535,0.007547215075661598,1.5257870119792938,1.2983777495964854,2.421650033324083,0.0,-0.007547215075661598,-0.007580607946148649,-3.3693968919436132,
ASPH,5,classical_ml,primary,RandomForest,RandomForest [first_difference_direct],first_difference_direct,3.0,20260810,individual_seed_or_deterministic_fit,5,5,0,100.0,True,0.014909114973438269,0.014427542605195997,2.7683217276515646,2.4585292697926264,4.602342252690422,0.0,-0.014427542605195997,-0.015928675304359763,-48.8185297704721,
ASPH,5,classical_ml,primary,RandomForest,RandomForest [linear_detrend_direct],linear_detrend_direct,3.0,20260810,individual_seed_or_deterministic_fit,5,5,0,100.0,True,0.0594956558788432,0.05944841061322821,11.565112024583396,9.974124017716925,17.74715579545612,0.0,-0.05944841061322821,-0.0601365155825242,-792.3369678171134,
ASPH,5,classical_ml,primary,SVR,SVR [first_difference_direct],first_difference_direct,3.0,20260810,individual_seed_or_deterministic_fit,5,5,0,100.0,True,0.02242792147023349,0.021075844351798257,4.042987717564981,3.7026171478516328,6.6337155613024725,0.0,-0.021075844351798257,-0.024794065840617663,-111.73667775901386,
ASPH,5,classical_ml,primary,SVR,SVR [linear_detrend_direct],linear_detrend_direct,3.0,20260810,individual_seed_or_deterministic_fit,5,5,0,100.0,True,0.056979855938500634,0.056870968875975494,11.074992340875028,9.565386691830284,17.042412843342873,0.0,-0.056870968875975494,-0.056190746849332174,-726.6622963599551,
ASPH,5,classical_ml,primary,XGBoost,XGBoost [first_difference_direct],first_difference_direct,3.0,20260810,individual_seed_or_deterministic_fit,5,5,0,100.0,True,0.015639406933040653,0.014854943481197636,2.8404606917433144,2.5692822136473104,4.728586710745733,0.0,-0.014854943481197636,-0.015870304896394904,-53.81857461810699,
ASPH,5,classical_ml,primary,XGBoost,XGBoost [linear_detrend_direct],linear_detrend_direct,3.0,20260810,individual_seed_or_deterministic_fit,5,5,0,100.0,True,0.059854457851672364,0.05981412749113385,11.634510304847357,10.032375237296622,17.84663096457865,0.0,-0.05981412749113385,-0.060206338486659516,-801.9346162702778,
ASPH,5,neural_ablation,ablation,CNN_BiLSTM_Attention_Original23K,CNN_BiLSTM_Attention_Original23K,linear_detrend_direct,3.0,ensemble_mean,neural_ensemble_mean,5,5,0,100.0,True,0.05840027611420232,0.05837725339007149,11.346468435168779,9.77884872690533,17.4546693098286,0.0,-0.05837725339007149,-0.05834110000114601,-763.393490108035,
ASPH,5,neural_ablation,ablation,CNN_BiLSTM_Compact_NoAttention,CNN_BiLSTM_Compact_NoAttention,linear_detrend_direct,3.0,ensemble_mean,neural_ensemble_mean,5,5,0,100.0,True,0.05659116318376941,0.056567718368024524,10.986382262663932,9.466515031787324,16.95800180112498,0.0,-0.056567718368024524,-0.057128442658878176,-716.7685414618944,
ASPH,5,primary_neural,primary,BiLSTM,BiLSTM,linear_detrend_direct,3.0,ensemble_mean,neural_ensemble_mean,5,5,0,100.0,True,0.06080778922961287,0.0607622666608723,11.819549093071087,10.192684950565216,18.103748891515973,0.0,-0.0607622666608723,-0.06139342914028412,-827.7157775308465,
ASPH,5,primary_neural,primary,CNN_BiLSTM_Attention_Compact,CNN_BiLSTM_Attention_Compact,linear_detrend_direct,3.0,ensemble_mean,neural_ensemble_mean,5,5,0,100.0,True,0.05766463117544335,0.057620475647544835,11.208050529277688,9.665661302998956,17.248431455412252,0.0,-0.057620475647544835,-0.05786740967999188,-744.2572611251483,
ASPH,5,primary_neural,primary,CNN_GRU,CNN_GRU,linear_detrend_direct,3.0,ensemble_mean,neural_ensemble_mean,5,5,0,100.0,True,0.05268775530372179,0.05259670509904861,10.194894874976196,8.79134047529812,15.855326220121944,0.0,-0.05259670509904861,-0.05299724406657891,-621.1664261585125,
ASPH,5,primary_neural,primary,CNN_LSTM,CNN_LSTM,linear_detrend_direct,3.0,ensemble_mean,neural_ensemble_mean,5,5,0,100.0,True,0.058089581391294824,0.0580741621578074,11.283438539095682,9.722268257605831,17.371565646149648,0.0,-0.0580741621578074,-0.058231914611235336,-755.2818407380072,
ASPH,5,primary_neural,primary,CausalCNN,CausalCNN,linear_detrend_direct,3.0,ensemble_mean,neural_ensemble_mean,5,5,0,100.0,True,0.05972144839871752,0.059685242034325514,11.607417702879744,10.007566336558916,17.81143410854014,0.0,-0.059685242034325514,-0.060934276187245395,-798.3699952219769,
ASPH,5,primary_neural,primary,GRU,GRU,linear_detrend_direct,3.0,ensemble_mean,neural_ensemble_mean,5,5,0,100.0,True,0.05444316958846167,0.0544128222901593,10.560992441088754,9.099763515781653,16.36334405855516,0.0,-0.0544128222901593,-0.05354203804860108,-663.3148813163695,
ASPH,5,primary_neural,primary,LSTM,LSTM,linear_detrend_direct,3.0,ensemble_mean,neural_ensemble_mean,5,5,0,100.0,True,0.05937131886546592,0.059343949236011474,11.537594399991734,9.945060976325756,17.718447239853386,0.0,-0.059343949236011474,-0.060173715592293286,-789.0245217197387,
ASPH,5,statistical,primary,ARIMA,ARIMA,statistical_native,,20260810,individual_seed_or_deterministic_fit,5,5,0,100.0,True,0.004323660578442335,0.003877225528040773,0.7542149796871028,0.7219447581424739,1.2799831656933487,100.0,0.003340790599911081,0.004368514239662613,-3.189771758432938,
ASPH,5,statistical,primary,Drift,Drift,statistical_native,,20260810,individual_seed_or_deterministic_fit,5,5,0,100.0,True,0.0325796114797287,0.032523878996243004,6.298471062607996,5.430129327919869,10.110031191120653,0.0,-0.032523878996243004,-0.03285290595155227,-236.89153068261152,
ASPH,5,statistical,primary,ETS,ETS,statistical_native,,20260810,individual_seed_or_deterministic_fit,5,5,0,100.0,True,0.005259067141794424,0.004104801506723954,0.767579774902221,0.8495014077851678,1.3229750528475892,80.0,-0.004104801506723954,-0.0028400056908242655,-5.198756971489005,
ASPH,5,statistical,primary,LinearTrend,LinearTrend,statistical_native,,20260810,individual_seed_or_deterministic_fit,5,5,0,100.0,True,0.05223298808384555,0.05219938694806782,10.15277618775788,8.754197163037894,15.753842330996019,0.0,-0.05219938694806782,-0.05280697923436101,-610.4724874511086,
ASPH,5,statistical,primary,Naive,Naive,statistical_native,,20260810,individual_seed_or_deterministic_fit,5,5,0,100.0,True,0.0077553892716049405,0.007746109258307199,1.5057924634820996,1.2986889257534773,2.5059228952976103,0.0,-0.007746109258307199,-0.00793944559624199,-12.480139357609614,
ASPH,5,statistical,primary,Theta,Theta,statistical_native,,20260810,individual_seed_or_deterministic_fit,5,5,0,100.0,True,0.02010997161936106,0.020092386303653852,3.8947947809219556,3.355885972375175,6.370208349410456,0.0,-0.020092386303653852,-0.020492263999375038,-89.6379541589415,
MTC,1,classical_ml,primary,RandomForest,RandomForest [first_difference_direct],first_difference_direct,3.0,20260810,individual_seed_or_deterministic_fit,18,18,0,100.0,True,0.0010069052164890888,0.0007913235085696968,0.06115656662321737,0.07555607059002002,0.01772754241234577,100.0,0.00015028301432678463,-8.240092880651417e-05,0.9996502574818538,
MTC,1,classical_ml,primary,RandomForest,RandomForest [linear_detrend_direct],linear_detrend_direct,3.0,20260810,individual_seed_or_deterministic_fit,18,18,0,100.0,True,0.009398977993220986,0.008613330000187651,0.6635359866987263,0.6980463569196819,0.19270193700394417,100.0,-0.008613330000187651,-0.006845408902974803,0.9695257857540556,
MTC,1,classical_ml,primary,SVR,SVR [first_difference_direct],first_difference_direct,3.0,20260810,individual_seed_or_deterministic_fit,18,18,0,100.0,True,0.0005288034277732541,0.0004357255674714998,0.03353766473594064,0.039079940695167896,0.009756165221257263,100.0,-4.0610108433271184e-05,-3.081118781889103e-05,0.9999035372199104,
MTC,1,classical_ml,primary,SVR,SVR [linear_detrend_direct],linear_detrend_direct,3.0,20260810,individual_seed_or_deterministic_fit,18,18,0,100.0,True,0.009077737342983349,0.005449005856527942,0.40704685325322526,0.65169609570152,0.12295910883257762,100.0,-0.005405640839396566,-0.0015010534561556987,0.9715732980341821,
MTC,1,classical_ml,primary,XGBoost,XGBoost [first_difference_direct],first_difference_direct,3.0,20260810,individual_seed_or_deterministic_fit,18,18,0,100.0,True,0.0008655509104205842,0.0006900777401941641,0.053190121256483786,0.06456061767388194,0.015460398579165377,100.0,-5.9079161240186785e-05,-0.00011644498556062644,0.9997415619318196,
MTC,1,classical_ml,primary,XGBoost,XGBoost [linear_detrend_direct],linear_detrend_direct,3.0,20260810,individual_seed_or_deterministic_fit,18,18,0,100.0,True,0.010619961625987509,0.009344182852936318,0.7157064060363735,0.7812369442075285,0.2094317594282885,100.0,-0.009344182852936318,-0.007278009989762246,0.9610939495198952,
MTC,1,neural_ablation,ablation,CNN_BiLSTM_Attention_Original23K,CNN_BiLSTM_Attention_Original23K,first_difference_direct,3.0,ensemble_mean,neural_ensemble_mean,18,18,0,100.0,True,0.0012161529028130939,0.0009120275560956021,0.07082181406757267,0.09143723024647286,0.020416736813129242,100.0,0.00033053537697839513,-0.0001324895662597747,0.9994897915905918,
MTC,1,neural_ablation,ablation,CNN_BiLSTM_Compact_NoAttention,CNN_BiLSTM_Compact_NoAttention,first_difference_direct,3.0,ensemble_mean,neural_ensemble_mean,18,18,0,100.0,True,0.0011036992038177228,0.000856206416234616,0.06583587793074396,0.08171636038551788,0.019183009406803456,100.0,-0.00024950596334521395,-0.0001329941693217762,0.9995797838789672,
MTC,1,primary_neural,primary,BiLSTM,BiLSTM,first_difference_direct,3.0,ensemble_mean,neural_ensemble_mean,18,18,0,100.0,True,0.001265954656766381,0.0009032739904246196,0.06900191426563665,0.0922186020967803,0.02025472484838992,100.0,-0.000809081426743457,-0.0004903496669399487,0.9994471496965583,
MTC,1,primary_neural,primary,CNN_BiLSTM_Attention_Compact,CNN_BiLSTM_Attention_Compact,first_difference_direct,3.0,ensemble_mean,neural_ensemble_mean,18,18,0,100.0,True,0.0011008926075052707,0.0008935288324999963,0.06887191510955148,0.08203670981607686,0.020019753498884765,100.0,-5.55664812870048e-05,-0.0002740344374214665,0.9995819182965566,
MTC,1,primary_neural,primary,CNN_GRU,CNN_GRU,first_difference_direct,3.0,ensemble_mean,neural_ensemble_mean,18,18,0,100.0,True,0.0009287813963385729,0.0007523029950188152,0.05827376174865589,0.06979017678946646,0.01683785152443132,100.0,4.3306471188467e-05,-0.00021244141725595966,0.9997024237499562,
MTC,1,primary_neural,primary,CNN_LSTM,CNN_LSTM,first_difference_direct,3.0,ensemble_mean,neural_ensemble_mean,18,18,0,100.0,True,0.0010147962171163103,0.0008089172645196917,0.06243308095213429,0.0757736064915251,0.018116569914851586,100.0,-3.869734135600014e-05,-0.00013784348802436952,0.9996447542178427,
MTC,1,primary_neural,primary,CausalCNN,CausalCNN,first_difference_direct,3.0,ensemble_mean,neural_ensemble_mean,18,18,0,100.0,True,0.0008696342000754934,0.0007754358951222882,0.06053582181970031,0.0658758808168759,0.01731280900175682,100.0,3.005472650540063e-05,-0.00041618066628279493,0.9997391177852172,
MTC,1,primary_neural,primary,GRU,GRU,first_difference_direct,3.0,ensemble_mean,neural_ensemble_mean,18,18,0,100.0,True,0.0010146538645964944,0.0007661154446976978,0.059315051344014526,0.07593755658553984,0.01716968757960049,100.0,0.00032534858711629074,-7.654467778017704e-05,0.9996448538764431,
MTC,1,primary_neural,primary,LSTM,LSTM,first_difference_direct,3.0,ensemble_mean,neural_ensemble_mean,18,18,0,100.0,True,0.0009666492076935346,0.0007764877148828613,0.06020296791460059,0.07276207442477862,0.01737693977967859,100.0,7.768732875781638e-05,-0.00019579384010137701,0.9996776638238355,
MTC,1,statistical,primary,ARIMA,ARIMA,statistical_native,,20260810,individual_seed_or_deterministic_fit,18,18,0,100.0,True,0.0004004245856672651,0.00030533751522179544,0.02366570501158937,0.03015053531301856,0.0068235699613287916,100.0,-0.00013635446743788372,-8.474966096594372e-05,0.9999446888458536,
MTC,1,statistical,primary,Drift,Drift,statistical_native,,20260810,individual_seed_or_deterministic_fit,18,18,0,100.0,True,0.0032884847071751296,0.002993107445540636,0.2319238810219747,0.2466160465109951,0.06684070646482371,100.0,-0.002993107445540636,-0.0026913212707158074,0.9962695355635433,
MTC,1,statistical,primary,ETS,ETS,statistical_native,,20260810,individual_seed_or_deterministic_fit,18,18,0,100.0,True,0.000527713819434332,0.0004543042409269739,0.03533424366179436,0.03969582082261972,0.010154545240203473,100.0,-1.3249038026685866e-05,-0.00017791899412733514,0.9999039343367105,
MTC,1,statistical,primary,LinearTrend,LinearTrend,statistical_native,,20260810,individual_seed_or_deterministic_fit,18,18,0,100.0,True,0.021856864618827156,0.021595857102279008,1.676051343917244,1.6471579163331107,0.4813918311789388,100.0,-0.021595857102279008,-0.02079085449520024,0.835203882590318,
MTC,1,statistical,primary,Naive,Naive,statistical_native,,20260810,individual_seed_or_deterministic_fit,18,18,0,100.0,True,0.009950138430384083,0.009866911048984997,0.7680761189780267,0.7541455081766989,0.22052759186184534,0.0,0.009866911048984997,0.010020907018545522,0.9658469497795201,
MTC,1,statistical,primary,Theta,Theta,statistical_native,,20260810,individual_seed_or_deterministic_fit,18,18,0,100.0,True,0.0036942037448533917,0.003436839743902532,0.268494698632152,0.2807002675685393,0.07669705498433853,100.0,0.003436839743902532,0.003730629298302368,0.9952922549061402,
MTC,2,classical_ml,primary,RandomForest,RandomForest [first_difference_direct],first_difference_direct,3.0,20260810,individual_seed_or_deterministic_fit,17,17,0,100.0,True,0.0024507649403482895,0.001807510101162744,0.13767948953654047,0.17978283677500767,0.04055101818926215,100.0,6.671875919357885e-05,-0.00039522622508503247,0.9976876016277278,
MTC,2,classical_ml,primary,RandomForest,RandomForest [linear_detrend_direct],linear_detrend_direct,3.0,20260810,individual_seed_or_deterministic_fit,17,17,0,100.0,True,0.017376567358091215,0.016494441777006867,1.2683576637243568,1.289365476045728,0.3680300632241347,100.0,-0.016494441777006867,-0.014178495989732198,0.8837515118007475,
MTC,2,classical_ml,primary,SVR,SVR [first_difference_direct],first_difference_direct,3.0,20260810,individual_seed_or_deterministic_fit,17,17,0,100.0,True,0.0022748800294437157,0.0014056063498906594,0.10580220092030175,0.16270178968231575,0.03159820131200578,100.0,1.283794328548324e-05,0.00024037601537241216,0.9980076009150143,
MTC,2,classical_ml,primary,SVR,SVR [linear_detrend_direct],linear_detrend_direct,3.0,20260810,individual_seed_or_deterministic_fit,17,17,0,100.0,True,0.015770072730586098,0.01247027237515517,0.9481781571111773,1.1526891262945673,0.27930480997190554,100.0,-0.012118754871788262,-0.009831845817545037,0.9042526572797855,
MTC,2,classical_ml,primary,XGBoost,XGBoost [first_difference_direct],first_difference_direct,3.0,20260810,individual_seed_or_deterministic_fit,17,17,0,100.0,True,0.0024423438699560703,0.001983590263710239,0.15256067040413626,0.18208377121563327,0.04440843395004116,100.0,0.0009838279159446854,0.0009259891295396727,0.9977034655841573,
MTC,2,classical_ml,primary,XGBoost,XGBoost [linear_detrend_direct],linear_detrend_direct,3.0,20260810,individual_seed_or_deterministic_fit,17,17,0,100.0,True,0.018229161755322073,0.017147936937338012,1.3182406644590987,1.352033436045556,0.3825910150986134,100.0,-0.017147936937338012,-0.015164301379093637,0.8720640098846631,
MTC,2,neural_ablation,ablation,CNN_BiLSTM_Attention_Original23K,CNN_BiLSTM_Attention_Original23K,first_difference_direct,3.0,ensemble_mean,neural_ensemble_mean,17,17,0,100.0,True,0.0032261427710997574,0.00266002171407569,0.20457044437694177,0.23992889876467124,0.05953722386789195,100.0,0.0007231076078183583,-0.0003221621350579795,0.9959929339315376,
MTC,2,neural_ablation,ablation,CNN_BiLSTM_Compact_NoAttention,CNN_BiLSTM_Compact_NoAttention,first_difference_direct,3.0,ensemble_mean,neural_ensemble_mean,17,17,0,100.0,True,0.002966292709580835,0.002163932399528664,0.1653238769856546,0.21638649902204876,0.04843102501594193,100.0,-0.0007792792495101629,-0.0004829060186244405,0.9966124372706984,
MTC,2,primary_neural,primary,BiLSTM,BiLSTM,first_difference_direct,3.0,ensemble_mean,neural_ensemble_mean,17,17,0,100.0,True,0.005135269058920647,0.0044666925736267515,0.344211709817757,0.38188521834529654,0.09963990471505382,100.0,-0.0044666925736267515,-0.0040064324077278,0.9898472020489428,
MTC,2,primary_neural,primary,CNN_BiLSTM_Attention_Compact,CNN_BiLSTM_Attention_Compact,first_difference_direct,3.0,ensemble_mean,neural_ensemble_mean,17,17,0,100.0,True,0.0030642857205603483,0.0023349315063659172,0.1785413705257762,0.223843084016957,0.052250897821754176,100.0,-0.0007921823718970825,-0.0007184328394851391,0.996384920502808,
MTC,2,primary_neural,primary,CNN_GRU,CNN_GRU,first_difference_direct,3.0,ensemble_mean,neural_ensemble_mean,17,17,0,100.0,True,0.002780896680857671,0.0021239590235020162,0.16276464777572391,0.20449728373076362,0.04755284493692875,100.0,-9.198918505462343e-06,-0.00041154983434665837,0.9970226558000236,
MTC,2,primary_neural,primary,CNN_LSTM,CNN_LSTM,first_difference_direct,3.0,ensemble_mean,neural_ensemble_mean,17,17,0,100.0,True,0.0029289511333612395,0.0022701431101780946,0.1740410956225749,0.2158936481217498,0.05082379699019091,100.0,0.00010842663243066146,-0.0003900847078828207,0.9966971900124606,
MTC,2,primary_neural,primary,CausalCNN,CausalCNN,first_difference_direct,3.0,ensemble_mean,neural_ensemble_mean,17,17,0,100.0,True,0.0026031220623868104,0.0022943983179862988,0.17746861780936013,0.19538830914559013,0.05125484318132104,100.0,0.0004309506494549688,-0.0009298601890979086,0.9973911542417089,
MTC,2,primary_neural,primary,GRU,GRU,first_difference_direct,3.0,ensemble_mean,neural_ensemble_mean,17,17,0,100.0,True,0.002770570046402441,0.0021828378472009626,0.16722338053722322,0.20541219275342898,0.048937392723568805,100.0,0.0007778785729131285,-0.000261751791689413,0.9970447269967881,
MTC,2,primary_neural,primary,LSTM,LSTM,first_difference_direct,3.0,ensemble_mean,neural_ensemble_mean,17,17,0,100.0,True,0.002811462662532999,0.002119555247264384,0.1624123761288947,0.20693502815755507,0.04746367585720995,100.0,0.00014994642540782873,-0.00029786528328212825,0.9969568456690078,
MTC,2,statistical,primary,ARIMA,ARIMA,statistical_native,,20260810,individual_seed_or_deterministic_fit,17,17,0,100.0,True,0.001478559381984014,0.0011662933559792212,0.09024330089062665,0.11096361993577489,0.02602121652761811,100.0,-0.0006286221373739393,-0.0007080861316515197,0.9991583396274225,
MTC,2,statistical,primary,Drift,Drift,statistical_native,,20260810,individual_seed_or_deterministic_fit,17,17,0,100.0,True,0.006363552589859405,0.005832597770159849,0.4504271591572288,0.4758421602765022,0.1300366812788521,100.0,-0.005832597770159849,-0.005460203531161056,0.9844095513769787,
MTC,2,statistical,primary,ETS,ETS,statistical_native,,20260810,individual_seed_or_deterministic_fit,17,17,0,100.0,True,0.0015528864498756487,0.001340016975801733,0.10385183280892703,0.11627415222619057,0.029917892441702496,100.0,2.1522090397851912e-05,-0.0007858937174543001,0.9990715922906532,
MTC,2,statistical,primary,LinearTrend,LinearTrend,statistical_native,,20260810,individual_seed_or_deterministic_fit,17,17,0,100.0,True,0.02476168746748763,0.02440189997192445,1.8856506849081214,1.8564708647566426,0.5432249128858194,100.0,-0.02440189997192445,-0.02257528761184968,0.7639414077434113,
MTC,2,statistical,primary,Naive,Naive,statistical_native,,20260810,individual_seed_or_deterministic_fit,17,17,0,100.0,True,0.02011423096239998,0.01997304916362473,1.549572840842772,1.5195965331898784,0.446387728986339,0.0,0.01997304916362473,0.020277765818830673,0.8442363187640642,
MTC,2,statistical,primary,Theta,Theta,statistical_native,,20260810,individual_seed_or_deterministic_fit,17,17,0,100.0,True,0.007484128300747643,0.007053520883338373,0.549094792576933,0.566927171630964,0.15730648683702678,100.0,0.007053520883338373,0.0074155783109661755,0.9784353812082894,
MTC,5,classical_ml,primary,RandomForest,RandomForest [first_difference_direct],first_difference_direct,3.0,20260810,individual_seed_or_deterministic_fit,14,14,0,100.0,True,0.007799694524338607,0.006562525876326346,0.49904018741952705,0.5724384156680682,0.146232087340702,100.0,0.0018574172621407417,0.003885787472444502,0.964067330350403,
MTC,5,classical_ml,primary,RandomForest,RandomForest [linear_detrend_direct],linear_detrend_direct,3.0,20260810,individual_seed_or_deterministic_fit,14,14,0,100.0,True,0.04024833703848519,0.03974940525622366,3.041903630939768,2.98885343692651,0.8800721841740595,100.0,-0.03974940525622366,-0.03806317581887475,0.04318014408280535,
MTC,5,classical_ml,primary,SVR,SVR [first_difference_direct],first_difference_direct,3.0,20260810,individual_seed_or_deterministic_fit,14,14,0,100.0,True,0.00976985780802482,0.0063121644110548025,0.47034025843633376,0.6974289004376003,0.14113403627740387,100.0,-0.003025766876604243,0.0003081845959216345,0.9436218549084584,
MTC,5,classical_ml,primary,SVR,SVR [linear_detrend_direct],linear_detrend_direct,3.0,20260810,individual_seed_or_deterministic_fit,14,14,0,100.0,True,0.025362438781351672,0.022902851909691626,1.748933568675568,1.8733319459488365,0.5078610654404452,100.0,-0.022902851909691626,-0.024219422785296096,0.6200588608254279,
MTC,5,classical_ml,primary,XGBoost,XGBoost [first_difference_direct],first_difference_direct,3.0,20260810,individual_seed_or_deterministic_fit,14,14,0,100.0,True,0.008608722198454915,0.007916495678319155,0.6087901380444392,0.6433303493948533,0.17609161159963507,100.0,0.005370335666216951,0.007134803348403995,0.956226458572884,
MTC,5,classical_ml,primary,XGBoost,XGBoost [linear_detrend_direct],linear_detrend_direct,3.0,20260810,individual_seed_or_deterministic_fit,14,14,0,100.0,True,0.038609692107816784,0.03826430194462439,2.930344204692935,2.8712248789311885,0.8471006148133713,100.0,-0.03826430194462439,-0.036209126525595714,0.11950483857174854,
MTC,5,neural_ablation,ablation,CNN_BiLSTM_Attention_Original23K,CNN_BiLSTM_Attention_Original23K,first_difference_direct,3.0,ensemble_mean,neural_ensemble_mean,14,14,0,100.0,True,0.00937020388656076,0.007655061122442218,0.581724218414866,0.6864762692258625,0.17060118381693287,100.0,0.0004930065745707424,0.0008616298151018498,0.9481400159762349,
MTC,5,neural_ablation,ablation,CNN_BiLSTM_Compact_NoAttention,CNN_BiLSTM_Compact_NoAttention,first_difference_direct,3.0,ensemble_mean,neural_ensemble_mean,14,14,0,100.0,True,0.008640147450064296,0.006912666674671909,0.5238274470442532,0.6292328875769874,0.1540668029335157,100.0,-0.0010604382590573916,0.0001262635163832293,0.9559062936856079,
MTC,5,primary_neural,primary,BiLSTM,BiLSTM,first_difference_direct,3.0,ensemble_mean,neural_ensemble_mean,14,14,0,100.0,True,0.007805979353565599,0.006392228037336903,0.4893656391276067,0.5794941715230099,0.14245061856913122,100.0,0.0033745110160496544,0.0023144681685676183,0.9640093994464387,
MTC,5,primary_neural,primary,CNN_BiLSTM_Attention_Compact,CNN_BiLSTM_Attention_Compact,first_difference_direct,3.0,ensemble_mean,neural_ensemble_mean,14,14,0,100.0,True,0.009187865164898164,0.007365329749823195,0.5574961633670027,0.6678994443602974,0.16417991567357515,100.0,-0.001509695003753134,-0.0006560481871384916,0.9501387085050594,
MTC,5,primary_neural,primary,CNN_GRU,CNN_GRU,first_difference_direct,3.0,ensemble_mean,neural_ensemble_mean,14,14,0,100.0,True,0.008955613797298737,0.007328806748250776,0.5559294034416103,0.6519317176600312,0.1630473420342936,100.0,-0.006138865247833992,-0.006710765032165167,0.9526276411414859,
MTC,5,primary_neural,primary,CNN_LSTM,CNN_LSTM,first_difference_direct,3.0,ensemble_mean,neural_ensemble_mean,14,14,0,100.0,True,0.007760636615924161,0.006300951327336181,0.48067048873759716,0.5727570933442268,0.1403218270005069,100.0,0.0003754261337576281,-0.00020125392815151244,0.9644263036233274,
MTC,5,primary_neural,primary,CausalCNN,CausalCNN,first_difference_direct,3.0,ensemble_mean,neural_ensemble_mean,14,14,0,100.0,True,0.017185972669621782,0.013083033325367819,0.9846385726562131,1.2459180097225178,0.2930977188482469,100.0,0.008089554180150798,0.0025463654024298066,0.8255453577163063,
MTC,5,primary_neural,primary,GRU,GRU,first_difference_direct,3.0,ensemble_mean,neural_ensemble_mean,14,14,0,100.0,True,0.009016225766675861,0.007371074569484255,0.5632998965702803,0.6670934738852075,0.16437785569028,100.0,0.004426676984842575,0.003140260947289697,0.9519842349658336,
MTC,5,primary_neural,primary,LSTM,LSTM,first_difference_direct,3.0,ensemble_mean,neural_ensemble_mean,14,14,0,100.0,True,0.008643913186820534,0.007228136369800099,0.5536748328918765,0.6421571542761079,0.16104602388478048,100.0,0.0036585527639502657,0.0029989014026852168,0.955867849555741,
MTC,5,statistical,primary,ARIMA,ARIMA,statistical_native,,20260810,individual_seed_or_deterministic_fit,14,14,0,100.0,True,0.010456630448804802,0.008950398325721818,0.6844029906426984,0.774525206397488,0.1990201539906651,100.0,-0.005525906250152955,-0.006591794521243699,0.9354170592500217,
MTC,5,statistical,primary,Drift,Drift,statistical_native,,20260810,individual_seed_or_deterministic_fit,14,14,0,100.0,True,0.0143475257782046,0.01363933578361154,1.0450077660214412,1.0678712148210745,0.30254375584051696,100.0,-0.01363933578361154,-0.013277638779766843,0.878412669223182,
MTC,5,statistical,primary,ETS,ETS,statistical_native,,20260810,individual_seed_or_deterministic_fit,14,14,0,100.0,True,0.006990762662675564,0.006203100837483623,0.4733411924265449,0.5157413578781307,0.13816494113452704,100.0,0.0009200764175747445,-0.002791384467283553,0.9711342123083871,
MTC,5,statistical,primary,LinearTrend,LinearTrend,statistical_native,,20260810,individual_seed_or_deterministic_fit,14,14,0,100.0,True,0.03329151564685235,0.03285666600716887,2.5144015166352642,2.4720077745415283,0.7279586223464185,100.0,-0.03285666600716887,-0.0308585514649522,0.34536166731603835,
MTC,5,statistical,primary,Naive,Naive,statistical_native,,20260810,individual_seed_or_deterministic_fit,14,14,0,100.0,True,0.05165764200724957,0.05148470748962998,3.9549922339785573,3.8640381029095723,1.150585890122252,0.0,0.05148470748962998,0.051998217748904896,-0.5761714386056831,
MTC,5,statistical,primary,Theta,Theta,statistical_native,,20260810,individual_seed_or_deterministic_fit,14,14,0,100.0,True,0.019175406347617246,0.018710519661410796,1.44045326270726,1.438066405709809,0.4164848689581611,100.0,0.018710519661410796,0.019177946502660692,0.7828181897231606,
